num_reserves,num_habitacions,num_dies,conflict_ratio,mitjana_temps_ms,assignades_avg,descartades_avg,pct_assignades,pct_descartades,errors
5,2,5,0.0,80.45450846354167,2.0,3.0,40.0,60.0,0
5,2,5,0.2,81.61711692810059,2.0,3.0,40.0,60.0,0
5,2,5,0.4,73.39270909627278,2.0,3.0,40.0,60.0,0
5,2,5,0.6,71.80531819661458,2.0,3.0,40.0,60.0,0
5,2,5,0.8,72.7686087290446,2.0,3.0,40.0,60.0,0
5,2,5,1.0,79.27171389261882,2.0,3.0,40.0,60.0,0
