num_reserves,num_habitacions,num_dies,mitjana_temps_ms,mitjana_reserves_assignades,timeouts_errors,exit_ratio
5,100,5,274.48503971099854,5.0,0,10/10
5,150,5,526.7780542373657,5.0,0,10/10
5,200,5,778.3511161804199,5.0,0,10/10
5,250,5,1363.612174987793,5.0,0,10/10
5,300,5,1653.3405780792236,5.0,0,10/10
