num_reserves,num_habitacions,num_dies,mitjana_temps_ms,mitjana_reserves_assignades,timeouts_errors,exit_ratio
2,10,10,112.18066215515137,2.0,0,10/10
2,20,10,109.24091339111328,2.0,0,10/10
2,30,10,112.3558759689331,2.0,0,10/10
2,40,10,119.80123519897461,2.0,0,10/10
2,50,10,120.73736190795898,2.0,0,10/10
2,60,10,127.15516090393066,2.0,0,10/10
2,70,10,132.29472637176514,2.0,0,10/10
2,80,10,133.65437984466553,2.0,0,10/10
2,90,10,145.24025917053223,2.0,0,10/10
2,100,10,154.6672821044922,2.0,0,10/10
