num_reserves,num_habitacions,num_dies,mitjana_temps_ms,mitjana_reserves_assignades,timeouts_errors,exit_ratio
1,1,1,63.72556686401367,0.8,2,8/10
1,2,1,66.38092994689941,0.7,3,7/10
2,3,2,68.48266124725342,2.0,0,10/10
2,4,2,72.12977409362793,1.8,1,9/10
3,5,3,69.45631504058838,2.7,1,9/10
3,6,3,72.73976802825928,2.7,1,9/10
4,7,4,70.73371410369873,2.4,4,6/10
4,8,4,70.62458992004395,2.4,4,6/10
5,9,5,73.8905668258667,4.0,2,8/10
5,10,5,74.14710521697998,5.0,0,10/10
